ds,y
2025/1/1,525
2025/1/2,1252
2025/1/3,1313
2025/1/4,1406
2025/1/5,860
2025/1/6,1337
2025/1/7,1095
2025/1/8,1317
2025/1/9,1072
2025/1/10,1232
2025/1/11,1108
2025/1/12,572
2025/1/13,1501
2025/1/14,1131
2025/1/15,1320
2025/1/16,1099
2025/1/17,1249
2025/1/18,1281
2025/1/19,819
2025/1/20,1023
2025/1/21,1753
2025/1/22,1057
2025/1/23,1087
2025/1/24,1249
2025/1/25,1105
2025/1/26,824
2025/1/27,942
2025/1/28,925
2025/1/29,888
2025/1/30,1033
2025/1/31,1042
2025/2/1,760
2025/2/2,569
2025/2/3,749
2025/2/4,941
2025/2/5,950
2025/2/6,1008
2025/2/7,974
2025/2/8,1025
2025/2/9,653
2025/2/10,1077
2025/2/11,1392
2025/2/12,1042
2025/2/13,1070
2025/2/14,1014
2025/2/15,785
2025/2/16,558
2025/2/17,903
2025/2/18,835
2025/2/19,1026
2025/2/20,826
2025/2/21,999
2025/2/22,1189
2025/2/23,812
2025/2/24,1009
2025/2/25,945
2025/2/26,1165
2025/2/27,1139
2025/2/28,1392
2025/3/1,1193
2025/3/2,909
2025/3/3,1154
2025/3/4,1116
2025/3/5,1024
2025/3/6,1073
2025/3/7,1207
2025/3/8,1179
2025/3/9,882
2025/3/10,1307
2025/3/11,1071
2025/3/12,1115
2025/3/13,1232
2025/3/14,1090
2025/3/15,1465
2025/3/16,834
2025/3/17,1134
2025/3/18,1258
2025/3/19,1231
2025/3/20,1111
2025/3/21,1184
2025/3/22,1038
2025/3/23,668
2025/3/24,1188
2025/3/25,1376
2025/3/26,1057
2025/3/27,1246
2025/3/28,1290
2025/3/29,1372
2025/3/30,846
2025/3/31,1155
2025/4/1,1144
2025/4/2,1338
2025/4/3,1095
2025/4/4,994
2025/4/5,1031
2025/4/6,738
2025/4/7,1283
2025/4/8,1244
2025/4/9,1231
2025/4/10,1221
2025/4/11,1354
2025/4/12,1200
2025/4/13,751
2025/4/14,1348
2025/4/15,1076
2025/4/16,1760
2025/4/17,1119
2025/4/18,811
2025/4/19,1038
2025/4/20,658
2025/4/21,841
2025/4/22,1155
2025/4/23,1528
2025/4/24,1146
2025/4/25,1028
2025/4/26,883
2025/4/27,486
2025/4/28,1059
2025/4/29,1186
2025/4/30,1096
2025/5/1,652
2025/5/2,1199
2025/5/3,1723
2025/5/4,643
2025/5/5,1003
2025/5/6,1295
2025/5/7,1131
2025/5/8,1126
2025/5/9,2474
2025/5/10,1068
2025/5/11,614
2025/5/12,1137
2025/5/13,1249
2025/5/14,1198
2025/5/15,1259
2025/5/16,1217
2025/5/17,1385
2025/5/18,786
2025/5/19,1025
2025/5/20,1506
2025/5/21,1332
2025/5/22,1173
2025/5/23,1656
2025/5/24,1093
2025/5/25,1084
2025/5/26,1122
2025/5/27,1084
2025/5/28,1122
2025/5/29,1015
2025/5/30,1294
2025/5/31,1151
2025/6/1,770
2025/6/2,875
2025/6/3,1100
2025/6/4,1005
2025/6/5,992
2025/6/6,958
2025/6/7,956
2025/6/8,404
2025/6/9,884
2025/6/10,1076
2025/6/11,1062
2025/6/12,1050
2025/6/13,1178
2025/6/14,1073
2025/6/15,620
2025/6/16,935
2025/6/17,1054
2025/6/18,983
2025/6/19,1055
2025/6/20,953
2025/6/21,851
2025/6/22,558
2025/6/23,927
2025/6/24,927
2025/6/25,1018
2025/6/26,1197
2025/6/27,954
2025/6/28,722
2025/6/29,519
2025/6/30,1097
2025/7/1,1115
2025/7/2,1161
2025/7/3,1156
2025/7/4,1273
2025/7/5,1049
2025/7/6,672
2025/7/7,1348
2025/7/8,1343
2025/7/9,1257
2025/7/10,1049
2025/7/11,816
2025/7/12,674
2025/7/13,272
2025/7/14,854
2025/7/15,996
2025/7/16,867
2025/7/17,700
2025/7/18,901
2025/7/19,1116
2025/7/20,673
2025/7/21,919
2025/7/22,842
2025/7/23,770
2025/7/24,708
2025/7/25,733
2025/7/26,668
2025/7/27,383
2025/7/28,765
2025/7/29,752
2025/7/30,665
2025/7/31,816
2025/8/1,980
2025/8/2,944
2025/8/3,724
2025/8/4,1025
2025/8/5,754
2025/8/6,879
2025/8/7,900
2025/8/8,933
2025/8/9,1060
2025/8/10,615
2025/8/11,911
2025/8/12,797
2025/8/13,826
2025/8/14,797
2025/8/15,741
2025/8/16,736
2025/8/17,405
2025/8/18,699
2025/8/19,872
2025/8/20,672
2025/8/21,704
2025/8/22,227
2025/8/23,170
2025/8/24,193
2025/8/25,210
2025/8/26,143
2025/8/27,347
2025/8/28,153
2025/8/29,185
2025/8/30,281
2025/8/31,131
2025/9/1,143
2025/9/2,138
2025/9/3,150
2025/9/4,113
2025/9/5,199
2025/9/6,429
2025/9/7,143
2025/9/8,193
2025/9/9,145
2025/9/10,219
2025/9/11,169
2025/9/12,253
2025/9/13,251
2025/9/14,192
2025/9/15,298
2025/9/16,140
2025/9/17,143
2025/9/18,327
2025/9/19,241
2025/9/20,544
2025/9/21,217
2025/9/22,139
2025/9/23,126
2025/9/24,135
2025/9/25,116
2025/9/26,174
2025/9/27,248
2025/9/28,147
2025/9/29,166
2025/9/30,290
2025/10/1,163
2025/10/2,110
2025/10/3,171
2025/10/4,270
2025/10/5,75
2025/10/6,120
2025/10/7,154
2025/10/8,154
2025/10/9,133
2025/10/10,165
2025/10/11,198
2025/10/12,140
2025/10/13,173
2025/10/14,143
2025/10/15,223
2025/10/16,123
2025/10/17,201
2025/10/18,256
2025/10/19,135
2025/10/20,221
2025/10/21,122
2025/10/22,223
2025/10/23,168
2025/10/24,205
2025/10/25,98
